Variety,Rep,His,Asn,Ser,Gln,Arg,Gly,Asp,Glu,Thr,Ala,GABA,Pro,Cys,Lys,Tyr,Met,Val,Ile,Leu,Phe
Arkansas Black,Rep_1,0.62,10.42,0.68,1.6,0.36,0.09,2.92,2.37,0.2,0.72,0.35,0.26,0.22,0.43,0.67,0.98,0.55,1.59,1.24,3.25
Blacktwig,Rep_1,0.77,2.32,0.54,0,0.24,0,1.96,1.03,0.18,0.47,0.15,0.27,0.28,0.52,0.83,1.15,0.62,1.64,1.51,3.7
Empire,Rep_1,0.46,21.2,0.43,1.01,0.27,0.09,5.88,1.49,0.28,1.92,0.51,0.67,0.21,0.44,0.65,1.74,0.52,1.5,1.13,3.2
Enterprise,Rep_1,0.52,34.75,0.9,2.78,0.24,0.08,5.18,2.49,0.33,1.71,0.29,0.37,0.22,0.41,0.66,0.84,0.63,1.39,1.18,2.66
Field Red,Rep_1,0.85,4.02,0.29,0,0.41,0,1.87,1.29,0.19,0.33,0.15,0,0.4,0.55,1.03,1.09,1.72,1.82,1.67,13.37
Golden Delicious,Rep_1,0.56,1.01,0,0,0.34,0,1.76,0.98,0.32,0.26,0,0,0.33,0.49,0.76,0.92,1.5,1.59,1.44,11.83
Granny Smith,Rep_1,0.61,8.76,0.34,0,0.31,0.1,1.41,0.58,0.38,0.42,0,0.23,0.37,0.56,1.49,1.28,1.66,2,1.62,3.79
Newtown Pippin,Rep_1,0.33,26.13,1.01,1.36,0.67,0.13,5.14,3.23,0.57,1.03,0.54,0.28,0.36,0.6,0.94,1.38,0.85,2.12,1.39,4.5
Northern Spy,Rep_1,0.51,2.52,0.17,0,0.23,0,1.6,1.05,0.35,0.34,0,0,0.35,0.53,1.24,1.34,1.52,2.04,1.25,12.47
Rome,Rep_1,0.36,1.57,0.2,0,0.43,0.08,1.23,0.91,0.34,0.23,0,0,0.33,0.54,0.8,1.02,1.63,1.92,1.46,12.68
Shenandoah,Rep_1,1.32,14.66,0.75,1.62,0.64,0,4.48,2.57,0.29,0.89,0.45,0.41,0.2,0.41,0.57,0.87,0.62,1.86,1.27,3.63
Virginia Gold,Rep_1,0,4.48,0.23,0.53,0,0,1.12,1.1,0.37,0.37,0.14,0.15,0.39,0.36,0.83,1.1,1.58,1.81,1.45,12.46
Winesap,Rep_1,0.34,4.92,0.49,1.13,0.98,0,4.42,2.75,0.32,0.74,0.25,0.28,0.11,0.18,0.23,0.28,0.62,0.25,0.61,5.05
York,Rep_1,0.2,13.88,0.65,1.14,0.41,0.07,3.4,1.88,0.26,0.49,0.21,0,0.28,0.46,0.79,0.99,1.39,1.69,1.16,3.34
Arkansas Black,Rep_2,0.17,9.87,0.64,1.55,0.46,0.09,2.67,2.2,0.2,0.63,0.25,0.2,0.29,0.48,0.82,1.08,0.63,1.47,1.32,3.29
Blacktwig,Rep_2,0,2.09,0.54,0,0.39,0,1.92,1.01,0.21,0.49,0.14,0.27,0.31,0.5,0.81,1.15,1.53,1.6,1.44,3.55
Empire,Rep_2,0.58,20.68,0.41,1.01,0.29,0.09,5.5,1.4,0.26,1.84,0.48,0.63,0.4,0.29,0.84,0.86,0.67,1.65,1.06,3.3
Enterprise,Rep_2,0.23,33.54,0.82,2.68,0.25,0.07,5.02,2.4,0.31,1.67,0.28,0.35,0.32,0.33,0.65,0.78,0.64,1.39,1.08,2.75
Field Red,Rep_2,0.66,3.97,0.31,0,0.43,0,2.07,1.41,0.21,0.35,0.18,0,0.41,0.53,1.12,1.02,1.88,1.77,1.8,13.26
Golden Delicious,Rep_2,0.25,0.98,0.13,0.59,0.54,0,1.74,0.97,0.31,0.24,0,0.14,0.34,0.52,0.76,1.01,1.54,1.88,1.41,12.13
Granny Smith,Rep_2,0.2,8.38,0.28,0,0.25,0,1.34,0.55,0.33,0.39,0,0.21,0.32,0.53,1.3,1.22,1.51,1.9,1.3,3.75
Newtown Pippin,Rep_2,0.31,26.97,1.05,1.41,0.65,0.13,5.44,3.41,0.66,1.06,0.56,0.3,0.36,0.61,1,1.42,0.88,2.04,1.46,4.62
Northern Spy,Rep_2,0.64,2.47,0.19,0,0.25,0,1.69,1.1,0.35,0.39,0,0,0.29,0.45,0.71,0.91,1.56,1.99,1.2,13.11
Rome,Rep_2,0.36,1.52,0.2,0,0.52,0,1.2,0.9,0.35,0.22,0,0,0.37,0.51,0.85,1.09,1.57,1.87,1.47,12.7
Shenandoah,Rep_2,0.99,12.18,0.63,1.18,0.42,0,3.77,2.15,0.25,0.76,0.39,0.35,0.49,0.43,0.85,1.12,0.77,1.96,1.47,3.62
Virginia Gold,Rep_2,0.31,4.15,0.22,0.54,0,0,1.1,1.07,0.34,0.32,0,0.14,0.38,0.51,0.85,1.08,1.63,1.74,1.44,12.63
Winesap,Rep_2,0.4,4.97,0.5,1.13,0.96,0,4.39,2.74,0.31,0.74,0.24,0.28,0.33,0.59,0.92,1.2,1.84,1.95,1.45,4.34
York,Rep_2,0,13.62,0.64,1.12,0.42,0.07,3.32,1.84,0.25,0.46,0.17,0,0.28,0.44,0.73,1.02,1.32,1.68,1.07,3.43
Arkansas Black,Rep_3,0.49,9.76,0.65,1.37,0.32,0.09,2.75,2.23,0.19,0.62,0.26,0.21,0.41,0.35,0.74,1.03,0.6,1.33,1.36,3.18
Blacktwig,Rep_3,0.62,2.24,0.54,0,0.26,0,1.94,1.01,0.18,0.48,0.14,0.27,0.41,0.38,0.8,1.13,1.49,1.61,1.45,3.5
Empire,Rep_3,0.37,19.5,0.42,0.95,0.24,0.09,5.43,1.38,0.26,1.82,0.48,0.62,0.42,0.28,0.75,0.86,0.68,1.72,1.06,3.09
Enterprise,Rep_3,0.76,34.74,0.95,2.93,0.32,0.09,4.93,2.38,0.32,1.65,0.28,0.36,0.25,0.43,0.69,0.87,0.64,1.47,1.27,2.78
Field Red,Rep_3,0.32,4.31,0.3,0,0.48,0,1.98,1.37,0.21,0.3,0.15,0,0.36,0.52,1.11,1.07,1.73,1.98,1.78,13.39
Golden Delicious,Rep_3,0.26,1.02,0.13,0,0.58,0,1.73,0.97,0.32,0.26,0,0,0.35,0.52,0.81,1,1.6,1.59,1.56,12.49
Granny Smith,Rep_3,0,8.32,0.28,0,0.27,0,1.34,0.56,0.34,0.41,0,0.21,0.33,0.55,1.47,1.12,1.57,1.91,1.28,3.74
Newtown Pippin,Rep_3,0.35,26.01,1,1.36,0.64,0.12,5.22,3.27,0.63,1.01,0.54,0.29,0.35,0.6,0.94,1.32,0.85,2.1,1.52,4.35
Northern Spy,Rep_3,0,2.43,0.19,0,0.26,0,1.61,1.07,0.35,0.33,0,0,0.36,0.51,0.93,1.04,1.69,1.96,1.38,12.93
Rome,Rep_3,0.22,1.55,0.2,0,0.28,0,1.21,0.9,0.35,0.22,0,0,0.35,0.51,0.79,0.97,1.57,1.73,1.54,11.9
Shenandoah,Rep_3,0,11.71,0.61,1.27,0.72,0.08,3.64,2.09,0.25,0.77,0.36,0.34,0.51,0.45,0.84,1.21,0.82,1.95,1.53,3.71
Virginia Gold,Rep_3,0.52,4.4,0.74,1.84,2.05,0.21,1.84,5.35,0.24,2.11,0.18,1.09,0.34,0.88,1.2,1.03,1.28,1.93,1.75,3.91
Winesap,Rep_3,0.49,4.93,0.51,1.17,1.06,0.09,4.39,2.74,0.27,0.77,0.26,0.28,0.31,0.56,0.99,1.12,1.73,1.83,1.61,4.1
York,Rep_3,0.75,13.67,0.64,1.05,0.25,0.07,3.33,1.84,0.25,0.46,0.19,0,0.25,0.47,0.8,1.08,0.55,1.5,1,3.49
