subject,age,gender,berry,sample,percent_shopping,lms_appearance,lms_overall,lms_taste,lms_texture,lms_aroma,cata_taste_floral,cata_taste_berry,cata_taste_grassy,cata_taste_fermented,cata_taste_fruity,cata_taste_citrus,cata_taste_earthy,cata_taste_none,cata_taste_peachy,cata_taste_caramel,cata_taste_grapey,cata_taste_melon,cata_taste_cherry
1033784,51-65,female,strawberry,4,75-100%,9,-19,-3,20,-1,0,0,0,0,0,0,0,1,0,0,0,0,0
1033784,51-65,female,strawberry,1,75-100%,68,74,77,72,81,1,1,0,0,1,0,0,0,0,0,0,0,0
1033784,51-65,female,strawberry,2,75-100%,11,26,27,27,76,0,1,0,0,1,0,0,0,0,0,0,0,0
1033784,51-65,female,strawberry,6,75-100%,47,-28,-28,30,57,0,0,1,0,0,0,1,0,0,0,0,0,0
1033784,51-65,female,strawberry,3,75-100%,71,51,51,68,72,1,1,0,0,1,0,0,0,0,0,0,0,0
1033784,51-65,female,strawberry,5,75-100%,68,51,48,63,21,0,1,0,0,1,0,0,0,0,0,0,0,0
1032783,51-65,female,strawberry,4,75-100%,73,57,39,72,-29,0,0,0,0,0,0,0,1,0,0,0,0,0
1032783,51-65,female,strawberry,1,75-100%,13,-10,-10,37,11,0,0,0,0,1,0,0,0,0,0,0,0,0
1032783,51-65,female,strawberry,2,75-100%,-11,12,14,53,-1,0,0,0,0,0,0,0,1,0,0,0,0,0
1032783,51-65,female,strawberry,6,75-100%,-13,36,25,36,1,0,0,0,0,0,0,0,1,0,0,0,0,0
1032783,51-65,female,strawberry,3,75-100%,75,53,57,77,58,0,0,0,0,1,0,0,0,0,0,0,0,0
1032783,51-65,female,strawberry,5,75-100%,37,39,34,39,-11,0,0,0,0,0,0,0,1,0,0,0,0,0
1033803,21-35,male,strawberry,4,50-74%,13,11,34,11,9,0,1,0,0,0,0,0,0,1,0,0,0,1
1033803,21-35,male,strawberry,1,50-74%,-6,11,34,35,37,0,1,0,0,1,0,0,0,0,0,0,0,1
1033803,21-35,male,strawberry,2,50-74%,-76,10,36,-8,21,0,1,0,0,1,0,0,0,0,0,0,0,1
1033803,21-35,male,strawberry,6,50-74%,-5,-29,-75,8,0,1,0,1,0,0,0,1,0,0,0,0,0,0
1033803,21-35,male,strawberry,3,50-74%,-31,-16,-38,20,1,0,0,1,0,0,0,1,0,0,0,0,0,0
1033803,21-35,male,strawberry,5,50-74%,5,18,18,39,21,0,0,0,0,1,0,0,0,1,0,0,0,0
1033848,21-35,female,strawberry,4,50-74%,56,25,17,36,-1,0,0,1,0,0,0,1,0,0,0,1,1,0
1033848,21-35,female,strawberry,1,50-74%,-21,-32,-46,-34,10,0,0,1,1,0,0,1,0,0,0,0,0,0
1033848,21-35,female,strawberry,2,50-74%,-9,-9,12,-30,35,1,0,0,0,0,0,0,0,0,0,1,1,0
1033848,21-35,female,strawberry,6,50-74%,-33,-11,-21,-21,-1,1,1,0,0,0,0,1,0,0,0,0,0,1
1033848,21-35,female,strawberry,3,50-74%,12,13,-10,-11,11,0,0,1,0,0,0,1,0,0,0,1,1,0
1033848,21-35,female,strawberry,5,50-74%,36,35,29,11,19,0,1,0,0,0,0,0,0,0,0,0,0,1
1033852,36-50,female,strawberry,4,75-100%,13,-5,-4,13,8,0,0,0,0,0,0,0,1,0,0,0,0,0
1033852,36-50,female,strawberry,1,75-100%,36,65,72,77,56,0,1,0,0,1,0,0,0,0,0,0,0,0
1033852,36-50,female,strawberry,2,75-100%,13,10,6,-4,-3,0,0,0,0,0,0,0,1,0,0,0,0,0
1033852,36-50,female,strawberry,6,75-100%,-8,33,29,7,0,1,0,0,0,1,1,0,0,0,0,0,0,0
1033852,36-50,female,strawberry,3,75-100%,11,11,-6,11,-11,0,0,0,0,0,0,0,1,0,0,0,0,0
1033852,36-50,female,strawberry,5,75-100%,6,50,23,18,-7,1,1,0,0,1,1,0,0,0,0,0,0,0
1033870,36-50,female,strawberry,4,75-100%,12,-9,-10,57,-9,0,0,1,0,0,1,1,0,0,0,0,0,0
1033870,36-50,female,strawberry,1,75-100%,-11,1,0,-10,10,0,1,1,0,0,0,1,0,0,0,0,0,0
1033870,36-50,female,strawberry,2,75-100%,56,73,75,35,55,1,1,0,0,1,0,0,0,0,0,0,0,0
1033870,36-50,female,strawberry,6,75-100%,-10,-44,-54,-57,56,0,0,1,0,0,0,1,0,0,0,0,0,0
1033870,36-50,female,strawberry,3,75-100%,59,74,72,74,56,1,1,0,0,1,0,0,0,0,0,0,0,0
1033870,36-50,female,strawberry,5,75-100%,56,59,57,65,37,1,1,0,0,1,1,0,0,0,0,0,0,0
1033872,21-35,female,strawberry,4,75-100%,12,22,23,25,-10,1,0,0,0,1,0,1,0,0,0,0,0,0
1033872,21-35,female,strawberry,1,75-100%,16,64,39,36,12,1,1,0,0,1,0,0,0,0,0,0,0,0
1033872,21-35,female,strawberry,2,75-100%,-56,-8,-8,-10,56,1,1,0,0,0,0,1,0,0,0,0,0,0
1033872,21-35,female,strawberry,6,75-100%,30,24,30,12,58,1,0,0,0,0,0,1,0,0,0,0,1,0
1033872,21-35,female,strawberry,3,75-100%,20,34,35,39,9,1,1,0,0,1,0,1,0,0,0,0,0,0
1033872,21-35,female,strawberry,5,75-100%,25,46,41,42,47,1,1,0,0,1,0,0,0,0,0,0,0,0
1033887,21-35,female,strawberry,4,75-100%,37,11,12,12,1,0,1,0,0,1,0,0,0,0,0,0,0,0
1033887,21-35,female,strawberry,1,75-100%,-9,-57,-30,-11,12,0,0,0,0,1,0,0,0,0,0,0,0,0
1033887,21-35,female,strawberry,2,75-100%,-58,-55,-76,-77,-1,0,0,1,0,0,0,1,0,0,0,0,0,0
1033887,21-35,female,strawberry,6,75-100%,14,12,12,-9,-1,0,0,1,0,1,0,1,0,0,0,0,0,0
1033887,21-35,female,strawberry,3,75-100%,12,35,11,13,13,0,1,0,0,1,0,0,0,0,0,0,0,0
1033887,21-35,female,strawberry,5,75-100%,-12,36,36,36,35,0,1,0,0,1,0,0,0,0,0,0,0,0
1033920,36-50,female,strawberry,4,75-100%,-7,55,57,74,75,0,1,0,0,0,1,0,0,0,0,0,0,0
1033920,36-50,female,strawberry,1,75-100%,13,53,35,71,13,0,1,1,0,0,0,0,0,0,0,0,0,0
1033920,36-50,female,strawberry,2,75-100%,20,-32,-32,13,72,0,0,0,1,0,0,0,0,0,0,0,0,0
1033920,36-50,female,strawberry,6,75-100%,56,13,1,14,36,0,0,1,0,1,0,0,0,0,0,0,0,0
1033920,36-50,female,strawberry,3,75-100%,66,-11,-8,54,58,1,0,0,0,1,0,0,0,0,0,0,0,0
1033920,36-50,female,strawberry,5,75-100%,-31,55,36,72,0,0,1,0,0,0,1,0,0,0,0,0,0,0
1033955,36-50,female,strawberry,4,50-74%,-10,-32,-10,-10,-31,0,0,1,0,0,1,1,0,0,0,0,0,0
1033955,36-50,female,strawberry,1,50-74%,14,34,34,-10,35,0,1,0,0,1,0,0,0,1,0,0,0,1
1033955,36-50,female,strawberry,2,50-74%,-56,-9,1,-10,13,0,0,1,0,0,0,1,0,0,0,1,0,1
1033955,36-50,female,strawberry,6,50-74%,-56,13,35,11,10,0,0,0,0,1,1,0,0,1,0,1,1,0
1033955,36-50,female,strawberry,3,50-74%,-1,-9,-31,37,11,0,0,1,0,0,0,1,0,0,0,0,1,0
1033955,36-50,female,strawberry,5,50-74%,-31,-9,3,37,-30,0,0,0,0,0,1,0,0,0,0,1,0,0
1034014,51-65,female,strawberry,4,75-100%,-1,58,57,74,37,1,0,1,0,0,0,1,0,0,0,0,0,0
1034014,51-65,female,strawberry,1,75-100%,14,78,75,72,73,1,0,0,0,0,0,0,0,1,1,0,0,0
1034014,51-65,female,strawberry,2,75-100%,77,13,11,76,16,0,0,1,0,1,1,1,0,0,0,0,0,0
1034014,51-65,female,strawberry,6,75-100%,11,56,39,56,2,1,0,0,0,1,0,0,0,0,0,1,0,0
1034014,51-65,female,strawberry,3,75-100%,74,74,38,74,1,0,0,0,1,1,0,0,0,0,0,1,1,0
1034014,51-65,female,strawberry,5,75-100%,73,97,74,75,14,0,1,0,0,0,0,0,0,0,0,0,1,1
1034016,51-65,female,strawberry,4,50-74%,56,36,39,55,12,0,0,0,0,0,1,1,0,0,1,1,0,0
1034016,51-65,female,strawberry,1,50-74%,-30,11,-9,12,55,0,1,1,0,0,1,1,0,0,0,1,1,0
1034016,51-65,female,strawberry,2,50-74%,-9,34,13,74,-1,0,1,0,0,1,1,0,0,0,0,1,0,1
1034016,51-65,female,strawberry,6,50-74%,-56,-57,-99,-12,-1,0,1,0,0,0,1,1,0,0,0,0,1,0
1034016,51-65,female,strawberry,3,50-74%,75,75,76,74,56,0,1,0,0,1,0,0,0,0,1,0,0,1
1034016,51-65,female,strawberry,5,50-74%,74,55,38,35,1,0,0,0,0,0,1,0,0,0,0,1,1,1
1032859,21-35,female,strawberry,4,50-74%,-1,26,23,8,-1,0,0,0,0,0,0,0,0,0,0,0,0,1
1032859,21-35,female,strawberry,1,50-74%,-2,55,56,24,54,0,1,0,0,1,0,0,0,0,0,1,0,0
1032859,21-35,female,strawberry,2,50-74%,-32,55,55,-12,56,0,1,0,0,1,0,0,0,0,0,0,0,0
1032859,21-35,female,strawberry,6,50-74%,-6,-2,0,50,-5,1,0,0,0,0,1,0,0,0,0,0,1,0
1032859,21-35,female,strawberry,3,50-74%,55,-24,-27,36,-1,0,0,1,0,0,0,1,0,0,0,0,0,0
1032859,21-35,female,strawberry,5,50-74%,-11,75,74,34,12,0,1,0,0,0,0,1,0,0,0,0,0,0
1034103,36-50,female,strawberry,4,50-74%,35,17,33,-20,23,0,1,1,0,1,0,1,0,0,0,0,0,0
1034103,36-50,female,strawberry,1,50-74%,34,74,74,76,74,0,1,0,0,1,0,0,0,0,0,0,0,0
1034103,36-50,female,strawberry,2,50-74%,28,12,10,37,13,0,1,1,0,1,0,0,0,0,0,0,0,0
1034103,36-50,female,strawberry,6,50-74%,10,35,36,46,50,0,1,0,0,1,0,0,0,0,0,0,0,0
1034103,36-50,female,strawberry,3,50-74%,71,66,70,74,76,0,1,1,1,1,0,0,0,0,0,0,0,0
1034103,36-50,female,strawberry,5,50-74%,55,62,65,66,37,0,1,0,0,1,0,0,0,0,0,0,0,0
1034127,36-50,female,strawberry,4,75-100%,-8,27,4,40,-3,1,0,0,0,0,0,0,0,0,0,0,0,0
1034127,36-50,female,strawberry,1,75-100%,-28,60,60,-10,57,0,1,0,0,0,0,0,0,0,0,0,0,0
1034127,36-50,female,strawberry,2,75-100%,-26,-32,-32,-55,-36,0,0,0,0,0,0,0,1,0,0,0,0,0
1034127,36-50,female,strawberry,6,75-100%,2,-10,-16,-19,-12,0,0,0,0,0,0,1,0,0,0,0,0,0
1034127,36-50,female,strawberry,3,75-100%,-15,-5,-10,-1,-28,0,0,0,0,0,0,1,0,0,0,0,0,0
1034127,36-50,female,strawberry,5,75-100%,48,54,72,47,41,0,1,0,0,0,0,0,0,0,0,0,0,0
1034219,36-50,male,strawberry,4,75-100%,36,-11,-10,-31,-1,0,0,1,0,0,0,0,0,0,0,0,0,0
1034219,36-50,male,strawberry,1,75-100%,11,12,12,-32,34,0,1,1,1,0,0,1,0,0,0,0,0,0
1034219,36-50,male,strawberry,2,75-100%,-33,-31,-32,-32,11,0,0,1,1,0,0,1,0,0,0,0,0,0
1034219,36-50,male,strawberry,6,75-100%,-32,-57,-57,-56,-11,0,0,1,1,0,0,1,0,0,0,0,0,0
1034219,36-50,male,strawberry,3,75-100%,-9,-32,-32,-31,1,0,0,1,0,0,0,0,0,0,0,0,0,0
1034219,36-50,male,strawberry,5,75-100%,36,11,11,11,13,0,0,1,0,0,0,0,0,0,0,0,0,0
1034234,21-35,female,strawberry,4,75-100%,42,2,9,-23,-1,0,0,0,0,0,0,0,1,0,0,0,0,0
1034234,21-35,female,strawberry,1,75-100%,21,66,80,70,94,0,0,0,0,0,0,0,0,1,0,0,0,0
1034234,21-35,female,strawberry,2,75-100%,-18,74,77,73,98,0,1,0,0,1,0,0,0,0,0,0,0,0
1034234,21-35,female,strawberry,6,75-100%,28,-22,-10,-80,4,0,0,0,0,0,0,1,0,0,0,0,0,0
1034234,21-35,female,strawberry,3,75-100%,14,-69,-78,41,64,0,0,0,0,0,0,1,0,0,0,0,0,0
1034234,21-35,female,strawberry,5,75-100%,-80,31,27,54,3,0,1,0,0,1,0,0,0,0,0,0,0,0
1034246,21-35,female,strawberry,4,75-100%,18,-8,-4,37,1,0,0,1,0,0,0,1,0,0,0,0,0,0
1034246,21-35,female,strawberry,1,75-100%,-11,57,57,-10,72,1,1,0,0,1,0,0,0,0,0,0,0,0
1034246,21-35,female,strawberry,2,75-100%,37,13,0,57,0,0,0,1,0,0,0,1,0,0,0,0,0,1
1034246,21-35,female,strawberry,6,75-100%,48,13,4,54,7,0,0,1,1,0,0,0,0,0,0,0,1,0
1034246,21-35,female,strawberry,3,75-100%,81,81,55,72,-1,1,1,0,0,1,0,0,0,1,0,1,0,0
1034246,21-35,female,strawberry,5,75-100%,22,61,29,34,10,0,1,0,0,1,0,0,0,0,0,1,0,1
1034400,51-65,female,strawberry,4,75-100%,5,25,17,17,12,1,0,1,0,0,0,1,0,0,0,0,0,0
1034400,51-65,female,strawberry,1,75-100%,27,-46,-45,0,35,1,0,1,1,0,0,0,0,0,0,0,0,0
1034400,51-65,female,strawberry,2,75-100%,14,-5,-10,-10,31,0,0,1,1,0,0,1,0,0,0,0,0,0
1034400,51-65,female,strawberry,6,75-100%,-22,-33,-55,-43,12,0,0,1,1,0,0,1,0,0,0,0,0,0
1034400,51-65,female,strawberry,3,75-100%,54,47,46,26,35,0,1,0,0,1,0,0,0,0,0,0,0,0
1034400,51-65,female,strawberry,5,75-100%,22,11,15,30,2,0,0,1,0,0,0,1,0,0,0,0,0,0
1034381,36-50,female,strawberry,4,75-100%,58,61,59,55,66,1,1,0,0,1,1,0,0,0,0,0,0,0
1034381,36-50,female,strawberry,1,75-100%,47,63,46,46,60,1,1,0,0,1,1,0,0,0,0,0,0,0
1034381,36-50,female,strawberry,2,75-100%,38,46,34,34,70,0,0,0,0,1,0,1,0,0,0,0,0,0
1034381,36-50,female,strawberry,6,75-100%,56,40,39,68,34,0,0,0,0,1,0,1,0,0,0,0,0,0
1034381,36-50,female,strawberry,3,75-100%,18,55,55,61,68,0,1,0,0,1,1,0,0,0,0,0,0,0
1034381,36-50,female,strawberry,5,75-100%,50,82,72,66,60,1,1,0,0,1,0,0,0,0,0,0,0,0
1507311,36-50,male,strawberry,4,50-74%,12,11,-57,0,36,0,0,1,0,0,0,1,0,0,0,0,0,0
1507311,36-50,male,strawberry,1,50-74%,-56,-32,0,-32,-11,0,1,0,0,1,0,0,0,1,0,0,0,1
1507311,36-50,male,strawberry,2,50-74%,54,0,-11,35,-10,1,0,1,0,0,0,0,0,0,0,1,0,0
1507311,36-50,male,strawberry,6,50-74%,-77,12,-1,36,-77,0,1,0,0,1,0,0,0,0,0,0,0,0
1507311,36-50,male,strawberry,3,50-74%,0,57,38,55,10,0,1,0,0,1,0,0,0,0,0,0,1,1
1507311,36-50,male,strawberry,5,50-74%,11,55,56,57,13,1,1,0,0,1,0,0,0,0,0,0,0,0
1034476,21-35,female,strawberry,4,75-100%,54,11,1,57,1,0,0,0,0,0,1,0,0,0,0,1,0,0
1034476,21-35,female,strawberry,1,75-100%,12,74,75,38,11,0,1,0,0,0,0,0,0,1,0,0,0,0
1034476,21-35,female,strawberry,2,75-100%,-9,0,0,-33,36,0,0,1,0,0,0,0,0,0,0,0,0,0
1034476,21-35,female,strawberry,6,75-100%,-56,-33,-55,-33,11,0,0,0,0,0,0,0,0,0,0,0,1,0
1034476,21-35,female,strawberry,3,75-100%,55,12,11,12,-1,0,1,0,0,0,1,0,0,0,0,0,0,0
1034476,21-35,female,strawberry,5,75-100%,74,38,34,74,36,0,1,0,0,0,1,0,0,0,0,0,1,0
1507312,21-35,female,strawberry,4,75-100%,9,35,77,43,-38,0,1,0,0,1,0,0,0,0,0,0,0,0
1507312,21-35,female,strawberry,1,75-100%,-17,51,43,-7,35,0,0,0,0,1,0,0,0,1,0,0,0,0
1507312,21-35,female,strawberry,2,75-100%,-28,-3,-21,22,12,0,1,1,0,0,0,1,0,0,0,0,0,0
1507312,21-35,female,strawberry,6,75-100%,-20,-54,-27,10,-24,0,0,0,0,1,0,1,0,0,0,0,1,0
1507312,21-35,female,strawberry,3,75-100%,16,-25,-25,30,-28,0,0,0,0,0,0,1,0,0,0,0,0,0
1507312,21-35,female,strawberry,5,75-100%,-11,-3,5,17,49,0,1,0,0,0,0,0,0,0,0,0,0,1
1034554,51-65,female,strawberry,4,75-100%,71,34,35,25,35,0,1,1,0,0,0,1,0,0,0,0,0,0
1034554,51-65,female,strawberry,1,75-100%,7,59,46,55,65,1,0,0,0,1,0,0,0,0,0,1,0,0
1034554,51-65,female,strawberry,2,75-100%,31,38,29,41,24,0,0,1,0,0,0,1,0,0,0,0,0,0
1034554,51-65,female,strawberry,6,75-100%,10,12,0,45,0,0,0,1,0,0,0,1,0,0,0,0,0,0
1034554,51-65,female,strawberry,3,75-100%,49,47,35,36,56,0,0,1,0,0,0,1,0,0,0,0,0,0
1034554,51-65,female,strawberry,5,75-100%,89,76,62,25,85,0,0,0,0,1,0,0,0,0,1,0,0,0
1522576,36-50,female,strawberry,4,75-100%,-77,-32,-32,-12,0,0,0,1,0,0,1,0,0,0,0,0,0,0
1522576,36-50,female,strawberry,1,75-100%,-51,-99,-100,-54,52,0,0,0,0,0,0,1,0,0,0,0,0,0
1522576,36-50,female,strawberry,2,75-100%,-60,-29,-67,-9,45,0,0,0,0,0,0,1,0,0,0,0,0,0
1522576,36-50,female,strawberry,6,75-100%,-34,-75,-99,23,-76,0,0,1,1,0,0,0,0,0,0,0,1,0
1522576,36-50,female,strawberry,3,75-100%,45,27,-37,42,-22,0,0,0,0,1,0,0,0,0,0,0,0,0
1522576,36-50,female,strawberry,5,75-100%,14,12,-30,36,6,0,0,1,0,1,0,0,0,0,0,0,0,0
1507368,51-65,female,strawberry,4,75-100%,55,71,74,57,74,0,1,0,0,1,1,0,0,0,0,0,0,1
1507368,51-65,female,strawberry,1,75-100%,13,34,55,34,37,1,1,0,0,1,0,0,0,0,0,0,0,1
1507368,51-65,female,strawberry,2,75-100%,-3,12,35,36,-1,0,1,0,0,1,0,0,0,0,0,0,0,0
1507368,51-65,female,strawberry,6,75-100%,12,-2,12,-4,-4,0,0,0,0,0,0,0,1,0,0,0,0,0
1507368,51-65,female,strawberry,3,75-100%,-3,10,10,10,-4,0,1,0,0,1,0,0,0,0,0,0,0,0
1507368,51-65,female,strawberry,5,75-100%,35,34,32,33,-1,0,1,0,0,1,0,0,0,0,0,0,1,0
1507781,21-35,female,strawberry,4,75-100%,-57,-32,-71,-79,60,1,0,1,1,0,0,0,0,0,0,1,0,0
1507781,21-35,female,strawberry,1,75-100%,39,78,76,-79,59,0,1,0,0,1,0,0,0,0,0,0,0,0
1507781,21-35,female,strawberry,2,75-100%,-77,-57,0,58,-58,0,0,1,1,0,0,1,0,0,0,0,0,0
1507781,21-35,female,strawberry,6,75-100%,-77,-10,10,14,-57,1,0,0,0,1,0,0,0,0,0,1,0,1
1507781,21-35,female,strawberry,3,75-100%,-10,-8,-32,61,35,0,0,0,0,0,0,0,0,0,0,0,0,1
1507781,21-35,female,strawberry,5,75-100%,-7,-29,-8,59,77,0,0,0,1,0,0,0,0,0,0,0,0,0
1514655,21-35,female,strawberry,4,75-100%,-34,1,-8,-18,3,0,1,0,1,1,1,1,0,0,0,0,0,0
1514655,21-35,female,strawberry,1,75-100%,-92,-96,-87,-96,-65,0,1,1,1,0,0,0,0,0,0,0,0,0
1514655,21-35,female,strawberry,2,75-100%,-89,-100,-99,-99,-14,0,0,0,1,0,0,0,0,0,0,0,0,0
1514655,21-35,female,strawberry,6,75-100%,-56,-18,-18,19,0,0,1,0,0,1,0,0,0,0,0,0,0,1
1514655,21-35,female,strawberry,3,75-100%,-66,35,17,-10,32,0,1,0,0,1,0,0,0,0,0,1,0,0
1514655,21-35,female,strawberry,5,75-100%,-35,-75,-60,-35,16,0,0,1,1,1,1,0,0,1,0,0,0,0
1032536,21-35,female,strawberry,4,75-100%,-9,11,12,15,12,0,1,0,0,1,0,0,0,0,0,0,0,1
1032536,21-35,female,strawberry,1,75-100%,-10,38,34,36,35,0,1,0,0,1,0,0,0,1,0,0,0,0
1032536,21-35,female,strawberry,2,75-100%,-57,-10,-9,-11,15,0,0,1,0,0,1,1,0,0,0,0,0,0
1032536,21-35,female,strawberry,6,75-100%,11,39,37,53,10,1,1,0,0,1,0,0,0,0,0,0,0,1
1032536,21-35,female,strawberry,3,75-100%,73,14,14,-34,37,1,0,1,0,0,0,0,0,0,0,0,0,0
1032536,21-35,female,strawberry,5,75-100%,54,14,11,37,12,0,1,1,0,0,0,1,0,0,0,0,0,0
1033706,51-65,female,strawberry,4,75-100%,54,90,90,91,54,1,1,0,0,1,1,0,0,0,0,0,0,1
1033706,51-65,female,strawberry,1,75-100%,56,35,-33,-57,55,0,0,0,1,0,0,0,0,0,0,0,0,0
1033706,51-65,female,strawberry,2,75-100%,56,-11,-11,-10,35,0,0,0,0,0,0,0,1,0,0,0,0,0
1033706,51-65,female,strawberry,6,75-100%,35,-57,-56,-56,55,0,0,0,1,0,0,0,0,0,0,0,0,0
1033706,51-65,female,strawberry,3,75-100%,56,35,11,36,75,0,0,0,0,0,0,0,1,0,0,0,0,0
1033706,51-65,female,strawberry,5,75-100%,65,57,35,55,56,0,1,0,0,1,1,0,0,0,0,0,0,0
1032395,36-50,male,strawberry,4,50-74%,37,-31,-32,35,37,0,0,0,0,1,0,0,0,0,0,1,0,0
1032395,36-50,male,strawberry,1,50-74%,14,-11,-10,-29,0,0,0,0,0,0,0,0,0,1,0,0,0,0
1032395,36-50,male,strawberry,2,50-74%,0,-11,-31,-32,1,0,0,0,0,0,0,0,0,0,0,0,1,0
1032395,36-50,male,strawberry,6,50-74%,15,-11,-32,11,-1,1,0,1,0,0,0,0,0,0,0,0,0,0
1032395,36-50,male,strawberry,3,50-74%,57,42,35,34,35,0,0,0,0,0,0,0,0,0,1,0,0,0
1032395,36-50,male,strawberry,5,50-74%,54,54,39,54,74,0,1,0,0,1,0,0,0,0,0,0,0,0
1033655,51-65,female,strawberry,4,75-100%,73,75,57,58,59,1,0,1,0,0,0,1,0,0,0,1,0,0
1033655,51-65,female,strawberry,1,75-100%,77,100,76,76,74,0,1,0,1,1,0,0,0,0,0,0,0,0
1033655,51-65,female,strawberry,2,75-100%,37,36,12,56,38,1,0,1,1,0,0,0,0,0,0,0,0,0
1033655,51-65,female,strawberry,6,75-100%,36,75,74,56,74,0,1,0,0,1,0,0,0,0,0,0,0,0
1033655,51-65,female,strawberry,3,75-100%,73,72,74,73,76,0,1,0,0,1,0,0,0,0,0,0,0,0
1033655,51-65,female,strawberry,5,75-100%,73,76,74,99,1,0,1,0,0,1,0,0,0,0,0,0,0,0
1501834,36-50,female,strawberry,4,50-74%,-8,2,2,0,2,0,0,0,0,0,0,0,1,0,0,0,0,0
1501834,36-50,female,strawberry,1,50-74%,-1,-25,-39,-10,14,0,0,0,1,0,0,0,0,0,0,0,0,0
1501834,36-50,female,strawberry,2,50-74%,-30,1,-31,0,-10,0,0,0,0,0,0,0,1,0,0,0,0,0
1501834,36-50,female,strawberry,6,50-74%,-53,-76,-54,-10,2,0,0,0,1,0,0,0,0,0,0,0,0,0
1501834,36-50,female,strawberry,3,50-74%,-32,0,5,2,12,0,0,0,1,0,0,0,0,0,0,0,0,0
1501834,36-50,female,strawberry,5,50-74%,0,25,13,12,2,0,1,0,0,0,0,0,0,0,0,0,0,0
1034545,21-35,male,strawberry,4,50-74%,-32,-12,-32,-10,53,1,0,1,1,0,0,0,0,0,0,1,0,0
1034545,21-35,male,strawberry,1,50-74%,7,31,10,47,11,0,1,0,0,1,1,0,0,1,0,0,0,0
1034545,21-35,male,strawberry,2,50-74%,10,46,34,35,45,0,1,1,0,1,0,0,0,0,0,1,0,0
1034545,21-35,male,strawberry,6,50-74%,60,-13,-76,56,0,0,1,0,0,0,0,0,0,0,0,0,0,0
1034545,21-35,male,strawberry,3,50-74%,-1,12,9,39,22,1,0,1,0,1,0,1,0,0,0,0,0,0
1034545,21-35,male,strawberry,5,50-74%,46,23,34,30,53,0,1,0,0,1,1,0,0,1,0,0,0,0
1034428,21-35,female,strawberry,4,50-74%,-37,-68,-90,17,27,1,0,1,0,0,0,0,0,1,0,0,0,0
1034428,21-35,female,strawberry,1,50-74%,-47,-26,-73,-81,0,0,0,0,0,1,0,1,0,0,0,0,0,0
1034428,21-35,female,strawberry,2,50-74%,-83,-32,-44,-5,70,1,1,0,0,0,0,1,0,0,0,0,1,0
1034428,21-35,female,strawberry,6,50-74%,56,-29,-48,-9,1,1,0,1,0,1,0,1,0,1,0,1,1,1
1034428,21-35,female,strawberry,3,50-74%,18,61,55,28,69,0,1,0,0,1,0,0,0,0,0,1,0,0
1034428,21-35,female,strawberry,5,50-74%,43,-32,-26,-27,-6,0,1,1,0,0,1,0,0,0,0,0,1,0
1507318,21-35,female,strawberry,4,50-74%,35,-31,-9,4,-1,0,0,1,0,0,0,1,0,0,0,0,0,0
1507318,21-35,female,strawberry,1,50-74%,-8,13,0,-9,2,1,1,0,0,1,0,0,0,0,0,0,1,0
1507318,21-35,female,strawberry,2,50-74%,-77,14,12,-31,12,1,1,0,0,1,0,0,0,1,0,0,0,1
1507318,21-35,female,strawberry,6,50-74%,1,15,25,21,0,1,1,0,0,1,0,0,0,0,0,0,0,0
1507318,21-35,female,strawberry,3,50-74%,57,54,36,37,12,1,1,1,0,1,0,0,0,0,0,0,0,0
1507318,21-35,female,strawberry,5,50-74%,1,12,15,13,-1,0,1,1,0,1,0,1,0,0,0,0,0,0
1034514,36-50,male,strawberry,4,75-100%,-9,-10,-32,13,1,0,0,0,0,0,0,0,1,0,0,0,0,0
1034514,36-50,male,strawberry,1,75-100%,-11,54,57,-32,37,0,0,0,0,1,0,0,0,0,0,1,0,0
1034514,36-50,male,strawberry,2,75-100%,0,-36,-55,14,2,0,0,0,0,0,0,0,1,0,0,0,0,0
1034514,36-50,male,strawberry,6,75-100%,-30,2,-1,-32,0,0,1,0,0,0,0,0,0,0,0,0,0,0
1034514,36-50,male,strawberry,3,75-100%,-54,-55,-98,-56,23,0,0,1,0,0,0,0,0,0,0,0,0,0
1034514,36-50,male,strawberry,5,75-100%,10,27,33,42,18,0,1,0,0,1,0,0,0,0,0,0,0,0
1031972,36-50,female,strawberry,2,75-100%,74,36,24,68,-2,0,0,1,0,0,0,1,0,0,0,0,0,0
1031972,36-50,female,strawberry,1,75-100%,56,99,99,84,99,1,1,0,0,1,0,0,0,1,0,0,1,1
1031972,36-50,female,strawberry,3,75-100%,66,46,12,74,0,0,0,0,0,0,0,0,0,0,0,0,1,0
1031972,36-50,female,strawberry,5,75-100%,73,74,65,68,86,0,1,1,1,0,0,1,0,0,0,0,1,0
1031972,36-50,female,strawberry,4,75-100%,56,-9,-10,12,1,0,0,1,0,0,0,1,0,0,0,1,0,0
1031972,36-50,female,strawberry,6,75-100%,14,36,36,55,58,0,0,0,0,0,1,1,0,0,0,0,1,0
1032039,36-50,female,strawberry,2,75-100%,10,-19,-45,1,10,0,0,0,1,0,0,0,0,0,0,0,0,0
1032039,36-50,female,strawberry,1,75-100%,-33,-29,13,-75,35,0,1,0,0,0,0,0,0,0,0,0,0,0
1032039,36-50,female,strawberry,3,75-100%,13,11,14,12,7,1,1,0,0,0,0,0,0,1,0,0,0,0
1032039,36-50,female,strawberry,5,75-100%,-8,-14,-8,-1,-1,0,0,1,0,1,1,0,0,0,0,0,0,0
1032039,36-50,female,strawberry,4,75-100%,11,1,-31,-2,12,0,0,1,0,0,1,0,0,0,0,0,0,0
1032039,36-50,female,strawberry,6,75-100%,13,50,57,25,35,1,1,0,0,1,0,0,0,0,0,0,1,0
1032145,51-65,female,strawberry,2,75-100%,35,37,36,36,13,0,1,0,0,1,0,0,0,0,0,0,0,0
1032145,51-65,female,strawberry,1,75-100%,35,36,35,36,12,0,1,0,0,1,0,0,0,0,0,0,0,0
1032145,51-65,female,strawberry,3,75-100%,35,56,66,55,56,0,1,0,0,1,0,0,0,0,0,0,0,0
1032145,51-65,female,strawberry,5,75-100%,58,70,74,70,55,0,1,0,0,1,0,0,0,0,0,0,0,0
1032145,51-65,female,strawberry,4,75-100%,13,38,36,12,12,0,1,0,0,1,0,0,0,0,0,0,0,0
1032145,51-65,female,strawberry,6,75-100%,34,36,36,36,12,0,1,0,0,1,0,0,0,0,0,0,0,0
1032287,21-35,female,strawberry,2,50-74%,-17,-17,-23,44,16,0,0,1,0,1,1,0,0,0,0,0,0,0
1032287,21-35,female,strawberry,1,50-74%,39,51,69,12,31,0,1,0,0,1,0,0,0,0,0,0,1,1
1032287,21-35,female,strawberry,3,50-74%,21,-28,-20,39,1,0,0,0,0,0,1,0,0,0,0,0,0,0
1032287,21-35,female,strawberry,5,50-74%,24,55,74,68,50,0,1,0,0,1,0,0,0,0,0,0,1,0
1032287,21-35,female,strawberry,4,50-74%,0,-45,-50,-72,-15,0,0,0,1,0,1,0,0,0,0,0,0,0
1032287,21-35,female,strawberry,6,50-74%,-30,-27,-48,-31,-9,0,0,0,0,0,1,0,0,0,0,0,0,0
1032374,36-50,female,strawberry,2,75-100%,0,10,36,-56,74,0,1,0,0,1,0,0,0,0,0,0,0,1
1032374,36-50,female,strawberry,1,75-100%,35,75,71,-1,75,0,1,1,0,0,0,0,0,0,0,1,0,0
1032374,36-50,female,strawberry,3,75-100%,34,74,73,78,11,0,1,1,0,0,0,0,0,0,0,0,0,1
1032374,36-50,female,strawberry,5,75-100%,2,-2,-3,0,15,0,0,1,0,0,1,1,0,0,0,1,0,1
1032374,36-50,female,strawberry,4,75-100%,72,-10,-10,-57,1,0,0,1,0,0,1,1,0,0,0,0,0,1
1032374,36-50,female,strawberry,6,75-100%,-2,11,13,36,-1,0,1,1,0,0,0,0,0,1,0,0,0,1
1032381,36-50,female,strawberry,2,75-100%,-12,36,34,-10,37,0,1,0,1,1,0,1,0,0,0,0,0,0
1032381,36-50,female,strawberry,1,75-100%,-21,55,55,13,72,0,0,0,0,1,0,0,0,0,0,1,1,0
1032381,36-50,female,strawberry,3,75-100%,54,12,23,36,35,1,0,1,0,0,1,0,0,0,0,0,0,0
1032381,36-50,female,strawberry,5,75-100%,34,-75,-9,9,73,0,0,1,0,0,1,0,0,0,0,0,0,0
1032381,36-50,female,strawberry,4,75-100%,-11,35,75,36,75,0,1,0,0,1,0,0,0,1,0,1,1,1
1032381,36-50,female,strawberry,6,75-100%,-33,-76,-76,-32,1,0,0,0,0,0,1,0,0,0,0,0,0,0
1032392,51-65,female,strawberry,2,75-100%,35,72,72,21,35,0,1,1,0,1,0,0,0,0,0,0,1,0
1032392,51-65,female,strawberry,1,75-100%,-33,1,-1,-8,1,0,0,1,0,1,0,1,0,0,0,0,0,0
1032392,51-65,female,strawberry,3,75-100%,11,-31,-31,0,0,0,0,1,0,0,1,0,0,0,0,0,1,0
1032392,51-65,female,strawberry,5,75-100%,36,34,26,3,1,0,1,0,0,1,0,0,0,0,0,0,0,0
1032392,51-65,female,strawberry,4,75-100%,38,13,10,-8,3,0,0,1,0,1,0,1,0,1,0,0,0,0
1032392,51-65,female,strawberry,6,75-100%,-30,-32,-56,-10,-33,0,0,0,0,0,1,0,0,0,0,0,0,0
1032455,36-50,female,strawberry,2,75-100%,44,65,67,-12,73,0,1,0,0,1,0,0,0,1,1,0,0,1
1032455,36-50,female,strawberry,1,75-100%,-41,-44,-9,-56,-3,0,0,0,1,1,0,1,0,0,0,0,1,1
1032455,36-50,female,strawberry,3,75-100%,92,-10,-8,12,-2,0,0,0,0,0,1,1,0,0,0,1,0,0
1032455,36-50,female,strawberry,5,75-100%,75,55,56,73,10,0,0,0,1,1,0,0,0,0,0,1,1,0
1032455,36-50,female,strawberry,4,75-100%,47,-8,0,13,53,0,0,0,1,0,0,0,0,1,1,0,0,0
1032455,36-50,female,strawberry,6,75-100%,8,1,-44,46,6,0,0,0,0,1,1,0,0,0,0,1,1,0
1032466,51-65,female,strawberry,2,75-100%,-10,38,35,-9,12,0,1,0,0,1,0,0,0,0,0,0,0,0
1032466,51-65,female,strawberry,1,75-100%,-32,-11,-32,-10,1,0,1,0,0,0,1,0,0,0,0,0,0,0
1032466,51-65,female,strawberry,3,75-100%,-9,-56,-58,-57,12,0,0,1,1,0,0,0,0,0,0,0,0,0
1032466,51-65,female,strawberry,5,75-100%,37,75,74,57,12,0,1,0,0,1,0,0,0,0,0,0,0,0
1032466,51-65,female,strawberry,4,75-100%,35,38,13,37,0,0,0,0,0,0,1,0,0,0,0,0,0,0
1032466,51-65,female,strawberry,6,75-100%,-57,-75,-76,-29,2,0,0,0,0,0,1,0,0,0,0,0,0,0
1032475,36-50,female,strawberry,2,50-74%,64,-8,-7,51,75,0,1,1,0,1,1,1,0,0,0,0,0,0
1032475,36-50,female,strawberry,1,50-74%,35,70,61,63,56,1,1,0,0,1,0,0,0,0,0,0,0,0
1032475,36-50,female,strawberry,3,50-74%,42,71,63,66,54,0,1,1,0,1,1,1,0,0,0,0,1,0
1032475,36-50,female,strawberry,5,50-74%,53,72,74,74,52,0,1,1,0,1,1,0,0,0,0,0,0,0
1032475,36-50,female,strawberry,4,50-74%,57,62,76,76,57,0,1,0,1,1,1,1,0,0,0,0,0,0
1032475,36-50,female,strawberry,6,50-74%,54,37,24,34,58,0,1,0,0,1,1,1,0,0,0,0,0,0
1032533,36-50,female,strawberry,2,75-100%,89,73,57,-10,34,0,1,0,0,1,0,0,0,1,0,0,0,1
1032533,36-50,female,strawberry,1,75-100%,-74,-55,-54,-91,1,0,0,1,0,0,0,0,0,0,0,0,0,0
1032533,36-50,female,strawberry,3,75-100%,84,13,13,-17,53,0,0,1,0,0,0,0,0,0,0,0,0,1
1032533,36-50,female,strawberry,5,75-100%,34,76,76,-10,73,1,1,0,0,1,0,0,0,0,0,0,0,0
1032533,36-50,female,strawberry,4,75-100%,36,12,36,-8,-30,0,1,0,0,1,0,0,0,0,0,1,0,0
1032533,36-50,female,strawberry,6,75-100%,13,0,13,-8,-33,0,0,0,0,0,1,0,0,0,0,1,0,0
1033268,21-35,female,strawberry,2,50-74%,10,57,64,10,53,0,1,0,0,1,0,0,0,0,0,0,0,0
1033268,21-35,female,strawberry,1,50-74%,13,26,15,11,12,0,1,1,0,0,0,1,0,0,0,0,0,0
1033268,21-35,female,strawberry,3,50-74%,57,25,26,46,27,0,1,0,0,1,0,0,0,0,0,0,0,0
1033268,21-35,female,strawberry,5,50-74%,61,56,36,11,55,0,1,0,0,0,0,0,0,0,0,0,0,0
1033268,21-35,female,strawberry,4,50-74%,37,29,34,27,36,0,1,0,0,1,0,0,0,0,0,0,0,0
1033268,21-35,female,strawberry,6,50-74%,11,11,-6,54,35,0,1,0,0,0,0,0,0,0,0,0,0,0
1032605,36-50,female,strawberry,2,75-100%,47,-7,-7,41,17,0,0,0,0,0,0,1,0,0,0,0,0,0
1032605,36-50,female,strawberry,1,75-100%,42,-27,-28,19,61,0,0,0,0,0,0,0,1,0,0,0,0,0
1032605,36-50,female,strawberry,3,75-100%,40,43,42,-6,57,0,1,0,0,0,0,0,0,0,0,0,0,1
1032605,36-50,female,strawberry,5,75-100%,65,41,42,42,60,0,0,1,1,0,0,0,0,0,0,0,0,0
1032605,36-50,female,strawberry,4,75-100%,64,77,59,42,42,0,1,0,0,1,0,0,0,0,0,0,0,0
1032605,36-50,female,strawberry,6,75-100%,-22,-4,-29,17,16,0,0,1,0,0,0,0,0,0,0,0,0,0
1032644,36-50,female,strawberry,2,75-100%,-1,100,100,99,99,1,1,0,0,1,1,0,0,0,0,0,0,0
1032644,36-50,female,strawberry,1,75-100%,99,98,84,98,57,1,1,0,0,1,1,0,0,1,0,0,0,1
1032644,36-50,female,strawberry,3,75-100%,37,57,38,36,35,0,1,0,0,1,0,0,0,1,0,0,0,0
1032644,36-50,female,strawberry,5,75-100%,-3,-13,-11,-2,56,0,0,0,1,0,0,0,0,0,0,0,0,0
1032644,36-50,female,strawberry,4,75-100%,56,-98,-99,-98,-10,0,0,1,1,0,0,1,0,0,0,0,0,0
1032644,36-50,female,strawberry,6,75-100%,-75,-98,-99,-99,-32,0,0,1,1,0,0,1,0,0,0,0,0,0
1032654,51-65,female,strawberry,2,75-100%,45,57,44,37,57,0,1,0,0,0,0,1,0,0,0,0,0,0
1032654,51-65,female,strawberry,1,75-100%,35,56,55,55,55,0,1,0,0,0,0,0,0,0,0,0,0,0
1032654,51-65,female,strawberry,3,75-100%,56,46,47,57,48,0,1,0,0,0,0,0,0,0,0,0,0,0
1032654,51-65,female,strawberry,5,75-100%,33,46,56,54,54,0,1,0,0,0,0,0,0,0,0,0,0,0
1032654,51-65,female,strawberry,4,75-100%,-9,-12,-32,13,39,0,0,1,0,0,0,1,0,0,0,0,0,0
1032654,51-65,female,strawberry,6,75-100%,37,50,57,57,0,0,1,0,0,0,0,0,0,0,0,0,0,0
1032702,36-50,female,strawberry,2,50-74%,28,53,46,72,-2,1,1,1,0,1,0,0,0,0,1,1,0,0
1032702,36-50,female,strawberry,1,50-74%,52,65,71,92,-3,1,1,1,0,1,0,1,0,0,1,0,1,0
1032702,36-50,female,strawberry,3,50-74%,50,51,43,-34,73,1,1,1,1,1,1,0,0,0,0,0,0,1
1032702,36-50,female,strawberry,5,50-74%,23,49,51,87,5,0,1,1,0,1,1,1,0,0,0,0,0,0
1032702,36-50,female,strawberry,4,50-74%,41,12,6,-46,11,1,1,1,1,0,0,0,0,0,0,0,0,1
1032702,36-50,female,strawberry,6,50-74%,7,24,10,13,12,1,0,1,1,1,0,0,0,0,0,0,0,0
1032721,36-50,female,strawberry,2,75-100%,-33,58,56,38,53,0,1,0,0,0,0,0,0,0,0,0,0,1
1032721,36-50,female,strawberry,1,75-100%,34,38,38,38,74,0,1,0,0,0,0,0,0,1,0,0,0,1
1032721,36-50,female,strawberry,3,75-100%,56,38,10,15,-58,0,1,1,1,0,0,1,0,0,0,0,0,0
1032721,36-50,female,strawberry,5,75-100%,74,9,-8,36,10,0,0,1,1,0,0,1,0,0,0,0,0,0
1032721,36-50,female,strawberry,4,75-100%,30,33,34,63,80,0,1,1,0,0,0,1,0,0,0,0,0,1
1032721,36-50,female,strawberry,6,75-100%,-9,13,-12,10,-78,0,0,1,0,0,0,1,0,0,0,0,0,0
1032823,51-65,female,strawberry,2,75-100%,41,21,16,15,15,0,0,0,0,0,0,1,0,0,0,0,0,0
1032823,51-65,female,strawberry,1,75-100%,-3,37,44,45,28,0,1,0,0,1,0,0,0,0,0,0,0,0
1032823,51-65,female,strawberry,3,75-100%,3,17,11,13,14,0,0,1,0,0,0,0,0,0,0,0,0,0
1032823,51-65,female,strawberry,5,75-100%,4,-11,-25,-15,4,0,0,1,0,0,0,0,0,0,0,0,0,0
1032823,51-65,female,strawberry,4,75-100%,52,-21,-25,-32,-1,0,0,0,0,0,0,0,1,0,0,0,0,0
1032823,51-65,female,strawberry,6,75-100%,-5,-5,-36,-28,7,0,0,1,0,0,0,0,0,0,0,0,0,0
1514628,36-50,male,strawberry,2,75-100%,-10,25,19,24,22,0,0,1,0,0,0,0,0,0,0,0,0,0
1514628,36-50,male,strawberry,1,75-100%,74,57,56,56,24,0,1,0,0,0,0,0,0,0,0,0,0,0
1514628,36-50,male,strawberry,3,75-100%,-7,-1,-4,8,-1,0,0,0,0,0,0,0,1,0,0,0,0,0
1514628,36-50,male,strawberry,5,75-100%,0,56,47,74,12,0,1,0,0,0,0,0,0,0,0,0,0,0
1514628,36-50,male,strawberry,4,75-100%,-17,-67,-76,-1,0,0,0,0,0,0,0,1,0,0,0,0,0,0
1514628,36-50,male,strawberry,6,75-100%,-15,-10,-8,23,-3,0,0,0,0,0,0,0,1,0,0,0,0,0
1032887,36-50,male,strawberry,1,75-100%,-75,12,12,11,13,0,0,0,0,0,0,0,0,0,0,1,0,0
1032887,36-50,male,strawberry,2,75-100%,12,-30,-55,13,-75,0,0,0,0,0,0,0,0,0,0,1,0,0
1032887,36-50,male,strawberry,4,75-100%,14,-96,-96,11,1,0,0,0,0,0,0,0,0,0,0,1,0,0
1032887,36-50,male,strawberry,3,75-100%,-75,13,13,56,-75,0,0,0,0,1,0,0,0,0,0,1,0,0
1032887,36-50,male,strawberry,6,75-100%,-76,-7,-33,-10,-74,0,0,0,0,0,0,0,0,0,0,1,0,0
1032887,36-50,male,strawberry,5,75-100%,-29,13,-57,56,-74,0,0,0,0,0,0,0,0,0,0,1,0,0
1032987,51-65,female,strawberry,1,75-100%,-5,-31,-32,-30,26,0,0,0,1,0,0,0,0,0,0,0,0,0
1032987,51-65,female,strawberry,2,75-100%,-10,9,13,11,-3,1,1,0,0,1,1,0,0,0,0,0,0,0
1032987,51-65,female,strawberry,4,75-100%,35,-11,11,34,9,0,0,1,0,1,1,1,0,0,0,0,0,0
1032987,51-65,female,strawberry,3,75-100%,-3,55,51,15,-1,0,1,0,0,1,0,0,0,0,1,0,0,0
1032987,51-65,female,strawberry,6,75-100%,-32,33,38,25,-1,0,1,0,1,0,0,1,0,0,1,0,0,0
1032987,51-65,female,strawberry,5,75-100%,14,-9,-7,1,14,0,1,0,1,0,0,1,0,0,1,0,0,0
1033046,51-65,female,strawberry,1,75-100%,45,56,56,56,56,0,0,0,0,1,0,0,0,0,0,0,0,0
1033046,51-65,female,strawberry,2,75-100%,47,49,49,53,12,0,1,0,0,0,0,0,0,0,0,0,0,0
1033046,51-65,female,strawberry,4,75-100%,-75,-48,-22,-46,28,0,0,0,0,1,0,0,0,0,0,0,0,0
1033046,51-65,female,strawberry,3,75-100%,14,-31,-31,63,74,0,0,0,0,0,0,0,0,0,0,1,0,0
1033046,51-65,female,strawberry,6,75-100%,-76,-82,-66,23,-77,0,0,0,0,0,0,0,1,0,0,0,0,0
1033046,51-65,female,strawberry,5,75-100%,49,-32,-32,-51,48,0,0,0,0,0,0,0,0,0,0,0,0,1
1033052,36-50,male,strawberry,1,75-100%,33,12,0,11,74,0,0,0,0,0,0,0,1,0,0,0,0,0
1033052,36-50,male,strawberry,2,75-100%,-33,47,39,38,55,0,0,1,0,1,1,0,0,0,0,0,0,0
1033052,36-50,male,strawberry,4,75-100%,54,56,59,38,48,0,1,0,0,1,0,0,0,0,0,0,0,1
1033052,36-50,male,strawberry,3,75-100%,73,74,72,74,73,0,1,0,0,1,0,0,0,0,0,0,0,0
1033052,36-50,male,strawberry,6,75-100%,-30,-10,-8,0,56,1,0,0,0,1,0,1,0,0,0,0,0,0
1033052,36-50,male,strawberry,5,75-100%,-33,-57,-53,-11,35,0,0,0,1,0,0,1,0,0,0,0,0,0
1033224,51-65,female,strawberry,1,75-100%,-19,-30,-22,-19,-10,0,0,1,0,1,0,1,0,0,0,0,0,0
1033224,51-65,female,strawberry,2,75-100%,36,13,0,34,-1,0,0,0,0,1,1,0,0,0,0,0,0,0
1033224,51-65,female,strawberry,4,75-100%,-31,23,35,32,-1,0,1,0,0,1,0,0,0,0,0,0,0,1
1033224,51-65,female,strawberry,3,75-100%,-11,12,-4,22,1,0,1,1,0,0,0,0,0,0,0,0,0,1
1033224,51-65,female,strawberry,6,75-100%,-31,-52,-55,13,-1,0,0,1,1,0,1,1,0,0,0,0,0,0
1033224,51-65,female,strawberry,5,75-100%,-32,-57,-31,24,4,0,0,1,1,0,0,0,0,0,0,0,0,0
1033090,36-50,female,strawberry,1,50-74%,-17,-64,-61,-63,50,0,0,0,1,0,0,0,0,0,0,0,0,0
1033090,36-50,female,strawberry,2,50-74%,-10,6,-5,-18,12,0,0,0,0,1,0,0,0,0,0,0,0,0
1033090,36-50,female,strawberry,4,50-74%,11,65,75,64,44,0,1,0,0,1,0,0,0,0,0,0,0,0
1033090,36-50,female,strawberry,3,50-74%,35,-32,-32,-32,0,0,0,0,1,1,0,0,0,0,0,0,0,0
1033090,36-50,female,strawberry,6,50-74%,-66,-50,-51,-27,1,0,0,0,0,1,0,0,0,0,0,0,0,0
1033090,36-50,female,strawberry,5,50-74%,-1,35,36,56,37,0,1,0,0,0,0,0,0,0,0,0,0,0
1033107,21-35,female,strawberry,1,75-100%,12,74,73,74,99,0,1,0,0,1,0,0,0,0,0,0,0,0
1033107,21-35,female,strawberry,2,75-100%,1,-9,-17,73,-31,0,0,1,0,0,0,0,0,0,0,0,0,0
1033107,21-35,female,strawberry,4,75-100%,37,73,56,55,33,0,1,1,0,0,0,0,0,0,0,0,0,0
1033107,21-35,female,strawberry,3,75-100%,60,-10,-76,76,56,0,0,1,1,0,0,0,0,0,0,0,0,0
1033107,21-35,female,strawberry,6,75-100%,-78,-99,-99,-78,-8,0,0,1,0,0,0,0,0,0,0,0,0,0
1033107,21-35,female,strawberry,5,75-100%,-10,100,100,71,98,0,1,0,0,1,0,0,0,0,0,0,0,0
1033141,36-50,male,strawberry,1,50-74%,-13,72,73,73,14,0,1,0,0,0,0,0,0,0,0,1,0,1
1033141,36-50,male,strawberry,2,50-74%,24,51,22,15,-1,0,1,1,0,1,0,1,0,0,0,0,0,0
1033141,36-50,male,strawberry,4,50-74%,53,56,57,49,37,0,1,0,0,0,0,0,0,1,0,0,0,0
1033141,36-50,male,strawberry,3,50-74%,12,67,59,47,15,1,1,0,0,0,0,0,0,1,0,0,0,0
1033141,36-50,male,strawberry,6,50-74%,-26,-54,-55,-30,12,1,0,0,1,0,0,1,0,0,0,0,0,0
1033141,36-50,male,strawberry,5,50-74%,85,75,72,73,1,0,1,0,0,1,0,0,0,0,0,1,0,0
1033168,36-50,male,strawberry,1,75-100%,18,57,35,39,59,1,1,0,0,0,0,0,0,0,1,1,0,0
1033168,36-50,male,strawberry,2,75-100%,13,21,19,40,55,0,1,1,0,0,0,0,0,0,0,0,0,0
1033168,36-50,male,strawberry,4,75-100%,55,-10,-34,11,-1,0,0,1,0,0,0,1,0,0,0,0,0,0
1033168,36-50,male,strawberry,3,75-100%,-1,1,-49,11,0,0,0,0,0,0,0,0,1,0,0,0,0,0
1033168,36-50,male,strawberry,6,75-100%,-32,-32,-79,-8,0,0,0,1,0,0,0,0,1,0,0,0,0,0
1033168,36-50,male,strawberry,5,75-100%,10,2,-37,40,-10,0,0,1,0,0,0,0,1,0,0,0,0,0
1033178,21-35,female,strawberry,1,75-100%,-9,-30,-55,38,15,0,0,1,0,0,0,0,0,0,0,0,0,0
1033178,21-35,female,strawberry,2,75-100%,-34,2,0,56,-1,0,0,0,0,0,0,0,1,0,0,0,0,0
1033178,21-35,female,strawberry,4,75-100%,9,49,54,34,9,0,1,0,0,0,0,0,0,0,0,0,0,0
1033178,21-35,female,strawberry,3,75-100%,57,-27,-10,55,35,0,0,0,0,1,0,0,0,0,0,0,0,0
1033178,21-35,female,strawberry,6,75-100%,32,0,-1,36,-1,0,0,0,0,0,0,1,0,0,0,0,0,0
1033178,21-35,female,strawberry,5,75-100%,25,36,34,56,37,0,0,0,0,1,0,0,0,0,0,0,0,0
1032707,21-35,female,strawberry,1,75-100%,31,55,61,49,35,0,1,0,0,0,0,0,0,0,1,0,1,0
1032707,21-35,female,strawberry,2,75-100%,-28,-14,-32,-7,-11,0,0,0,1,0,0,0,0,0,0,0,0,0
1032707,21-35,female,strawberry,4,75-100%,24,2,2,2,12,0,1,0,0,0,0,0,0,0,0,0,0,0
1032707,21-35,female,strawberry,3,75-100%,19,17,14,14,0,0,0,0,0,1,0,0,0,0,0,0,0,0
1032707,21-35,female,strawberry,6,75-100%,12,29,30,28,31,0,1,0,0,0,0,0,0,0,1,0,0,0
1032707,21-35,female,strawberry,5,75-100%,-9,12,10,6,-1,0,1,1,0,0,0,0,0,0,0,0,0,0
1033237,36-50,female,strawberry,1,75-100%,-33,-33,-55,-23,-1,0,0,0,0,0,0,1,0,0,0,0,0,0
1033237,36-50,female,strawberry,2,75-100%,-11,-32,-32,-1,-1,0,1,0,0,0,1,0,0,0,0,0,0,0
1033237,36-50,female,strawberry,4,75-100%,-8,-34,-32,10,-58,0,0,0,0,0,1,0,0,0,0,0,0,0
1033237,36-50,female,strawberry,3,75-100%,5,11,10,14,12,0,1,0,0,1,1,0,0,0,0,0,0,0
1033237,36-50,female,strawberry,6,75-100%,-10,4,-10,6,11,0,1,0,0,0,1,0,0,0,0,0,0,0
1033237,36-50,female,strawberry,5,75-100%,35,-33,-31,-32,35,0,0,0,1,0,0,1,0,0,0,0,0,0
1033289,51-65,male,strawberry,1,50-74%,29,93,96,90,87,0,1,0,0,1,0,0,0,0,0,0,0,0
1033289,51-65,male,strawberry,2,50-74%,85,59,45,84,99,1,0,0,0,0,1,1,0,0,0,1,0,0
1033289,51-65,male,strawberry,4,50-74%,92,-15,-42,63,-47,0,0,1,0,0,1,1,0,0,0,0,0,0
1033289,51-65,male,strawberry,3,50-74%,8,31,89,-42,79,1,0,0,0,1,0,0,0,0,0,1,0,0
1033289,51-65,male,strawberry,6,50-74%,23,-34,-50,-21,0,0,0,1,0,0,1,1,0,0,0,0,0,0
1033289,51-65,male,strawberry,5,50-74%,45,41,11,28,44,0,0,0,0,1,0,1,0,0,0,1,0,0
1033294,36-50,female,strawberry,1,50-74%,-11,36,72,57,1,0,1,0,0,1,0,0,0,1,0,1,0,0
1033294,36-50,female,strawberry,2,50-74%,12,-34,-32,39,-1,1,0,1,0,0,0,1,0,0,0,0,0,0
1033294,36-50,female,strawberry,4,50-74%,23,11,22,36,0,0,0,1,1,0,1,0,0,0,0,0,0,0
1033294,36-50,female,strawberry,3,50-74%,39,53,37,58,-1,0,1,0,0,1,1,0,0,0,0,0,0,1
1033294,36-50,female,strawberry,6,50-74%,-11,-78,-55,36,0,0,0,1,1,0,0,1,0,0,0,0,0,0
1033294,36-50,female,strawberry,5,50-74%,55,56,59,55,12,0,1,0,0,1,0,0,0,0,0,1,0,1
1033322,36-50,female,strawberry,1,75-100%,10,54,45,57,54,1,1,0,0,1,0,0,0,0,0,0,0,0
1033322,36-50,female,strawberry,2,75-100%,53,55,55,53,-1,0,1,0,0,1,1,0,0,0,0,0,0,1
1033322,36-50,female,strawberry,4,75-100%,48,13,-10,50,-1,0,1,0,0,1,1,1,0,0,0,0,0,0
1033322,36-50,female,strawberry,3,75-100%,37,14,-27,36,-1,0,1,0,0,0,0,0,0,0,0,0,0,0
1033322,36-50,female,strawberry,6,75-100%,29,-32,9,17,5,0,1,0,0,1,1,1,0,0,0,1,0,0
1033322,36-50,female,strawberry,5,75-100%,13,57,55,57,73,0,1,0,0,1,0,1,0,0,0,0,0,0
1033417,21-35,male,strawberry,1,50-74%,37,70,75,38,36,0,1,0,0,1,0,0,0,0,0,0,0,0
1033417,21-35,male,strawberry,2,50-74%,-41,-74,-53,-54,-1,0,0,0,1,0,0,0,0,0,0,0,0,0
1033417,21-35,male,strawberry,4,50-74%,22,-23,-37,-41,-18,0,0,1,0,0,0,1,0,0,0,0,0,0
1033417,21-35,male,strawberry,3,50-74%,35,72,70,56,18,0,1,0,0,1,0,0,0,0,0,0,0,0
1033417,21-35,male,strawberry,6,50-74%,15,-74,-64,-70,1,0,0,0,1,0,0,0,0,0,0,0,0,0
1033417,21-35,male,strawberry,5,50-74%,-15,29,11,0,8,0,1,0,0,0,0,0,0,0,0,0,0,0
1033392,36-50,female,strawberry,1,50-74%,46,54,71,69,75,0,0,0,0,1,0,0,0,1,0,0,0,0
1033392,36-50,female,strawberry,2,50-74%,-9,6,11,39,-2,0,0,1,0,0,0,1,0,0,0,0,0,0
1033392,36-50,female,strawberry,4,50-74%,-12,37,35,59,-2,1,1,0,0,1,1,0,0,0,0,0,0,0
1033392,36-50,female,strawberry,3,50-74%,35,16,21,38,53,0,0,0,0,0,1,0,0,1,0,0,0,0
1033392,36-50,female,strawberry,6,50-74%,-11,-31,-52,21,12,0,0,0,1,0,1,0,0,0,0,0,0,0
1033392,36-50,female,strawberry,5,50-74%,-36,37,31,34,19,0,1,0,0,1,0,0,0,0,0,0,0,0
1033437,51-65,male,strawberry,1,50-74%,54,55,55,50,27,0,1,0,0,1,0,0,0,0,0,0,0,0
1033437,51-65,male,strawberry,2,50-74%,0,43,44,46,11,0,1,0,0,0,0,0,0,0,0,0,0,0
1033437,51-65,male,strawberry,4,50-74%,35,21,27,24,11,0,0,1,0,0,0,1,0,0,0,0,1,0
1033437,51-65,male,strawberry,3,50-74%,-1,11,11,35,1,0,0,1,0,0,0,0,0,0,0,0,0,0
1033437,51-65,male,strawberry,6,50-74%,-11,-33,-32,-11,12,0,0,0,0,0,0,0,1,0,0,0,0,0
1033437,51-65,male,strawberry,5,50-74%,40,48,50,26,43,0,1,1,0,0,0,0,0,0,0,0,1,0
1033469,21-35,female,strawberry,1,75-100%,-5,58,76,0,60,1,1,0,0,1,0,0,0,0,0,0,1,0
1033469,21-35,female,strawberry,2,75-100%,12,-3,-23,18,3,0,0,0,0,0,0,0,1,0,0,0,0,0
1033469,21-35,female,strawberry,4,75-100%,39,54,-51,-11,0,0,0,1,0,0,0,0,1,0,0,0,0,0
1033469,21-35,female,strawberry,3,75-100%,76,56,70,64,0,0,1,1,0,0,0,0,0,1,0,0,0,0
1033469,21-35,female,strawberry,6,75-100%,-58,-49,-51,-54,-1,0,0,0,0,1,0,0,1,0,0,0,0,0
1033469,21-35,female,strawberry,5,75-100%,-38,8,11,-32,42,0,0,0,0,1,0,0,0,1,0,0,0,0
1033496,51-65,female,strawberry,1,50-74%,23,80,69,54,47,0,1,0,0,1,0,0,0,0,0,0,0,0
1033496,51-65,female,strawberry,2,50-74%,52,20,1,10,-17,0,0,0,0,1,0,1,0,0,0,0,0,0
1033496,51-65,female,strawberry,4,50-74%,27,34,18,30,14,0,0,1,0,0,1,0,0,0,0,0,0,0
1033496,51-65,female,strawberry,3,50-74%,28,4,11,25,-4,0,1,0,0,0,0,1,0,0,0,0,0,0
1033496,51-65,female,strawberry,6,50-74%,62,-19,-17,-22,-4,0,0,0,0,0,0,1,0,0,0,0,0,0
1033496,51-65,female,strawberry,5,50-74%,41,24,17,55,46,0,1,0,0,0,0,0,0,0,0,0,0,0
1033523,36-50,female,strawberry,1,75-100%,-2,14,10,30,-1,0,1,0,0,0,0,0,0,0,0,0,0,0
1033523,36-50,female,strawberry,2,75-100%,-16,41,20,46,-21,0,1,0,0,0,0,0,0,0,0,0,0,0
1033523,36-50,female,strawberry,4,75-100%,32,13,8,28,12,0,0,1,0,0,0,1,0,0,0,0,0,0
1033523,36-50,female,strawberry,3,75-100%,32,-10,-12,36,-3,0,0,1,0,0,0,1,0,0,0,0,0,0
1033523,36-50,female,strawberry,6,75-100%,-31,-10,-15,-38,-9,0,0,1,0,0,0,1,0,0,0,0,0,0
1033523,36-50,female,strawberry,5,75-100%,35,35,34,55,25,0,0,1,0,0,0,1,0,0,0,0,0,0
1033525,51-65,female,strawberry,1,75-100%,37,11,-8,-54,57,0,1,0,0,0,0,0,0,1,0,0,0,0
1033525,51-65,female,strawberry,2,75-100%,-10,13,11,38,-10,0,1,0,0,1,0,0,0,0,0,0,1,0
1033525,51-65,female,strawberry,4,75-100%,75,75,74,75,-29,0,1,0,0,1,0,0,0,0,0,0,0,0
1033525,51-65,female,strawberry,3,75-100%,35,75,75,100,74,0,1,0,0,0,1,0,0,0,0,0,0,0
1033525,51-65,female,strawberry,6,75-100%,58,-10,-9,57,-33,0,0,0,0,0,1,0,0,0,0,0,0,0
1033525,51-65,female,strawberry,5,75-100%,36,36,14,56,-31,0,1,0,0,0,0,0,0,1,0,0,0,0
1033565,21-35,female,strawberry,1,75-100%,35,38,13,-8,75,1,0,0,0,1,0,0,0,0,0,0,0,0
1033565,21-35,female,strawberry,2,75-100%,1,-11,-15,12,-9,0,0,0,0,0,0,1,0,0,0,0,0,0
1033565,21-35,female,strawberry,4,75-100%,26,37,36,36,-1,1,0,0,0,1,0,0,0,0,0,0,1,0
1033565,21-35,female,strawberry,3,75-100%,60,17,19,56,38,0,0,0,0,1,0,1,0,0,0,1,0,0
1033565,21-35,female,strawberry,6,75-100%,-33,10,-9,12,1,0,0,0,1,0,1,1,0,0,0,0,0,0
1033565,21-35,female,strawberry,5,75-100%,38,73,72,18,75,1,0,0,0,1,0,0,0,0,0,0,0,0
1033779,51-65,female,strawberry,1,75-100%,33,38,41,52,-1,0,1,0,0,1,0,0,0,0,0,0,0,0
1033779,51-65,female,strawberry,2,75-100%,2,-33,-30,-54,-10,0,0,1,0,0,0,0,0,0,0,0,0,0
1033779,51-65,female,strawberry,4,75-100%,12,-8,-8,-12,-34,0,0,1,0,0,0,0,0,0,0,0,0,0
1033779,51-65,female,strawberry,3,75-100%,73,-8,-27,59,53,0,0,0,0,0,0,0,1,0,0,0,0,0
1033779,51-65,female,strawberry,6,75-100%,-75,-80,-78,-76,1,0,0,0,1,0,0,1,0,0,0,0,0,0
1033779,51-65,female,strawberry,5,75-100%,9,-51,-56,-29,14,0,0,0,1,0,0,0,0,0,0,0,0,0
1032448,21-35,female,strawberry,1,75-100%,-3,12,-7,32,57,0,1,0,1,1,0,0,0,0,0,0,0,0
1032448,21-35,female,strawberry,2,75-100%,35,56,56,75,42,0,1,1,0,1,0,1,0,0,0,0,0,0
1032448,21-35,female,strawberry,4,75-100%,75,70,76,74,15,0,1,0,0,1,0,0,0,0,0,0,0,0
1032448,21-35,female,strawberry,3,75-100%,73,56,50,74,52,0,1,1,1,1,0,0,0,0,0,0,0,0
1032448,21-35,female,strawberry,6,75-100%,11,17,24,27,17,0,1,0,1,1,0,0,0,0,0,0,0,0
1032448,21-35,female,strawberry,5,75-100%,75,48,38,75,49,0,1,0,1,1,0,0,0,0,0,0,0,0
1514614,51-65,female,strawberry,1,75-100%,75,96,100,93,72,0,1,0,0,1,0,0,0,0,0,0,0,0
1514614,51-65,female,strawberry,2,75-100%,-47,42,-33,-31,-60,0,0,0,0,0,0,1,0,0,0,0,0,0
1514614,51-65,female,strawberry,4,75-100%,24,-11,-30,78,-69,0,0,0,0,0,0,1,0,0,0,0,0,0
1514614,51-65,female,strawberry,3,75-100%,-39,-93,-85,20,-65,0,0,0,0,0,0,1,0,0,0,0,0,0
1514614,51-65,female,strawberry,6,75-100%,14,25,-34,41,-74,0,0,0,1,0,0,0,0,0,0,0,0,0
1514614,51-65,female,strawberry,5,75-100%,71,61,59,11,11,0,1,0,0,1,0,0,0,0,0,0,0,0
1033067,51-65,female,strawberry,1,75-100%,28,75,56,74,49,0,1,0,0,1,0,0,0,0,0,0,0,0
1033067,51-65,female,strawberry,2,75-100%,-32,-11,-32,-8,1,0,0,1,0,0,0,0,0,0,0,0,0,0
1033067,51-65,female,strawberry,4,75-100%,36,36,20,74,38,0,1,1,0,1,1,0,0,0,0,0,0,0
1033067,51-65,female,strawberry,3,75-100%,-9,-56,-44,-23,13,0,0,1,0,0,1,0,0,0,0,0,0,0
1033067,51-65,female,strawberry,6,75-100%,-12,-55,-32,-22,-2,0,0,1,0,0,1,0,0,0,0,0,0,0
1033067,51-65,female,strawberry,5,75-100%,-9,55,74,75,56,0,1,0,0,1,0,0,0,0,0,0,0,1
1522558,36-50,female,strawberry,1,75-100%,-58,11,35,-56,3,0,1,0,1,0,0,0,0,0,0,0,0,1
1522558,36-50,female,strawberry,2,75-100%,-33,11,-10,36,1,1,0,1,0,0,0,0,0,0,0,0,0,0
1522558,36-50,female,strawberry,4,75-100%,-57,1,12,11,-9,0,0,1,0,0,1,0,0,0,0,0,1,0
1522558,36-50,female,strawberry,3,75-100%,56,34,12,56,-1,1,0,0,0,0,1,0,0,0,0,0,0,0
1522558,36-50,female,strawberry,6,75-100%,-31,-9,-30,12,-2,0,0,1,0,0,0,1,0,0,0,0,0,0
1522558,36-50,female,strawberry,5,75-100%,36,11,11,33,10,0,0,1,0,0,1,0,0,0,0,0,0,0
1033366,36-50,female,strawberry,1,75-100%,-54,-60,-64,-59,-2,0,0,0,1,0,0,0,0,0,0,0,0,0
1033366,36-50,female,strawberry,2,75-100%,44,22,19,67,-1,0,0,0,0,0,0,0,0,0,0,0,1,0
1033366,36-50,female,strawberry,4,75-100%,38,3,3,25,0,0,0,0,0,0,0,0,0,0,0,1,0,0
1033366,36-50,female,strawberry,3,75-100%,30,11,23,35,-1,0,0,0,0,1,0,0,0,1,0,0,0,0
1033366,36-50,female,strawberry,6,75-100%,-11,57,63,53,35,0,1,0,0,0,0,0,0,0,0,0,1,0
1033366,36-50,female,strawberry,5,75-100%,27,-5,-4,54,0,0,0,1,0,0,0,0,0,0,0,0,0,1
